CHEMBL221959; 1.000; C[C@@H]1CCN(C[C@@H]1N(C)C1=C2C=CNC2=NC=N1)C(=O)CC#N
CHEMBL459769; 0.999; C[C@H]1CCN(C[C@H]1N(C)C1=C2C=CNC2=NC=N1)C(=O)CC#N
CHEMBL4638316; 0.999; CN(CC1CCCN1C1=C2C=CNC2=NC=N1)C(=O)CC#N
CHEMBL3689522; 0.999; CC1CN(CC2(CCN2C(=O)CC#N)C1)C1=C2C=CNC2=NC=N1
CHEMBL3969009; 0.999; CN(C1CCCN(C1)C1=C2C=CNC2=NC=N1)C(=O)CC#N
CHEMBL3693604; 0.999; O=C(CC#N)N1CCC11CCCCN(C1)C1=C2C=CNC2=NC=N1
CHEMBL3689515; 0.999; O=C(CC#N)N1CCC11CCCN(C1)C1=C2C=CNC2=NC=N1
CHEMBL3689521; 0.999; CC1CC2(CCCN(C2)C2=C3C=CNC3=NC=N2)N1C(=O)CC#N
CHEMBL1630803; 0.999; CC(C#N)C(=O)N1CCC(C)C(C1)N(C)C1=C2C=CNC2=NC=N1
CHEMBL3689519; 0.999; O=C(CC#N)N1CCCC11CCCN(C1)C1=C2C=CNC2=NC=N1
CHEMBL1630802; 0.999; CC1CCN(CC1N(C)C1=C2C=CNC2=NC=N1)C(=O)C(C)(C)C#N
CHEMBL3693606; 0.999; CC1CCN(C(=O)CC#N)C11CCCN(C1)C1=C2C=CNC2=NC=N1
CHEMBL3689526; 0.999; CC1(C)CN(C(=O)CC#N)C11CCCN(C1)C1=C2C=CNC2=NC=N1
CHEMBL3689514; 0.998; CC1CN(C(=O)CC#N)C11CCCN(C1)C1=C2C=CNC2=NC=N1
CHEMBL3693624; 0.998; O=C(CC#N)N1CCCCC11CCCN(C1)C1=C2C=CNC2=NC=N1
CHEMBL3689523; 0.998; O=C(CC#N)N1CCC11CCN(C1)C1=C2C=CNC2=NC=N1
CHEMBL3689518; 0.998; CC1CN(C(=O)CC#N)C11CCN(C1)C1=C2C=CNC2=NC=N1
CHEMBL1630800; 0.998; C[C@@H]1CCN(C[C@@H]1N(C)C1=C2C=CNC2=NC=N1)C(=O)CC1CC1
CHEMBL3689533; 0.998; CC1(C)CN(C(=O)CC#N)C11CCN(C1)C1=C2C=CNC2=NC=N1
CHEMBL4643358; 0.998; O=C(CC#N)N1CCCC2CN(CC12)C1=C2C=CNC2=NC=N1
CHEMBL3693628; 0.998; O=C(CC#N)N1CCCC11CCN(C1)C1=C2C=CNC2=NC=N1
CHEMBL3693620; 0.998; O=C(CC#N)N1CCCCC11CCN(C1)C1=C2C=CNC2=NC=N1
CHEMBL3693601; 0.998; CC1CCN(C(=O)CC#N)C11CCN(C1)C1=C2C=CNC2=NC=N1
CHEMBL4290957; 0.997; CN([C@@H]1CN(CC11CC1)C(=O)CC#N)C1=C2C=CNC2=NC=N1
CHEMBL4284023; 0.997; CN(C1CN(CC11CC1)C(=O)CC#N)C1=C2C=CNC2=NC=N1
CHEMBL3693618; 0.997; O=C(CC#N)N1CCCCCC11CCCN(C1)C1=C2C=CNC2=NC=N1
CHEMBL4279819; 0.997; CN([C@H]1CN(CC11CC1)C(=O)CC#N)C1=C2C=CNC2=NC=N1
CHEMBL4083094; 0.997; C[C@@H]1CCN(C[C@@H]1N(C)C1=C2C=CNC2=NC=N1)C(=O)C=C
CHEMBL3689536; 0.997; CC1(C)CCN(C(=O)CC#N)C11CCN(C1)C1=C2C=CNC2=NC=N1
CHEMBL3693617; 0.997; O=C(N1CCCC11CCN(C1)C1=C2C=CNC2=NC=N1)C1(CC1)C#N
CHEMBL4224807; 0.997; CN([C@@H]1CCN(C1)C(=O)CC#N)C1=C2C=CNC2=NC=N1
CHEMBL3693625; 0.997; CC(=O)N1CCCC11CCCN(C1)C1=C2C=CNC2=NC=N1
CHEMBL4228831; 0.997; CN([C@H]1CN(CC1(C)C)C(=O)CC#N)C1=C2C=CNC2=NC=N1
CHEMBL4297507; 0.997; C[C@H]1CN(C(=O)CC#N)[C@]11CCN(C1)C1=C2C=CNC2=NC=N1
CHEMBL4075230; 0.997; CC(=O)N1CC[C@H]2CCN([C@H]2C1)C1=C2C=CNC2=NC=N1
CHEMBL1630798; 0.997; C[C@@H]1CCN(C[C@@H]1N(C)C1=C2C=CNC2=NC=N1)C(=O)C1CCCC1
CHEMBL4642854; 0.997; O=C(CC#N)N1CCC2CN(CC12)C1=C2C=CNC2=NC=N1
CHEMBL4225073; 0.996; CN([C@H]1CN(CC11CCC1)C(=O)CC#N)C1=C2C=CNC2=NC=N1
CHEMBL4062946; 0.996; C=CC(=O)N1CCC[C@H](C1)NC1=C2C=CNC2=NC=N1
CHEMBL3689525; 0.996; CC1N(CCC11CCN1C(=O)CC#N)C1=C2C=CNC2=NC=N1
CHEMBL4645444; 0.996; O=C(CC#N)N1CC2CCN(C2C1)C1=C2C=CNC2=NC=N1
CHEMBL4227865; 0.996; CCN([C@@H]1CCN(C1)C(=O)CC#N)C1=C2C=CNC2=NC=N1
CHEMBL1630794; 0.996; C[C@@H]1CCN(C[C@@H]1N(C)C1=C2C=CNC2=NC=N1)C(=O)CC1CCCC1
CHEMBL4062806; 0.996; C[C@@H]1C[C@H](CN(C1)C(=O)C=C)NC1=C2C=CNC2=NC=N1
CHEMBL3693623; 0.995; CC(=O)N1CCCCC11CCCN(C1)C1=C2C=CNC2=NC=N1
CHEMBL3693603; 0.995; FC1(F)CCN(C(=O)CC#N)C11CCCN(C1)C1=C2C=CNC2=NC=N1
CHEMBL4085457; 0.995; C[C@H]1CC[C@H](CN1C(=O)C=C)NC1=C2C=CNC2=NC=N1
CHEMBL3689529; 0.995; FC1(F)CCN(CC11CCCN1C(=O)CC#N)C1=C2C=CNC2=NC=N1
CHEMBL3693627; 0.995; CCC(=O)N1CCCC11CCN(C1)C1=C2C=CNC2=NC=N1
CHEMBL4090883; 0.994; CN([C@@H]1CCCN(C1)C(=O)C=C)C1=C2C=CNC2=NC=N1
CHEMBL3693621; 0.994; CC(=O)N1CCCCC11CCN(C1)C1=C2C=CNC2=NC=N1
CHEMBL4649779; 0.994; CN(C1CCN(C1)C1=C2C=CNC2=NC=N1)C(=O)CC#N
CHEMBL4069969; 0.994; C[C@H]1CCN(C[C@@H]1NC1=C2C=CNC2=NC=N1)C(=O)C=C
CHEMBL4226571; 0.994; O=C(CC#N)N1CC[C@H](C1)N(CC1CC1)C1=C2C=CNC2=NC=N1
CHEMBL4083165; 0.994; C[C@@H]1CCN(C[C@H]1NC1=C2C=CNC2=NC=N1)C(=O)C=C
CHEMBL1630795; 0.994; CC1CCN(CC1N(C)C1=C2C=CNC2=NC=N1)C(=O)C1CCC(=O)C1
CHEMBL4287238; 0.993; CN([C@H]1CN(CC11CC1)C(=O)C1CCN(CC1)C(C)=O)C1=C2C=CNC2=NC=N1
CHEMBL4074183; 0.993; C[C@H]1C[C@H](CN(C1)C(=O)C=C)NC1=C2C=CNC2=NC=N1
CHEMBL4288323; 0.993; CN([C@H]1CN(CC11CC1)C(=O)C1CC1)C1=C2C=CNC2=NC=N1
CHEMBL3689517; 0.993; FC1(F)CN(C(=O)CC#N)C11CCCN(C1)C1=C2C=CNC2=NC=N1
CHEMBL3693626; 0.993; CC(C)C(=O)N1CCCC11CCN(C1)C1=C2C=CNC2=NC=N1
CHEMBL4280418; 0.993; CC(C)C(=O)N1C[C@H](N(C)C2=C3C=CNC3=NC=N2)C2(CC2)C1
CHEMBL4064018; 0.992; C=CC(=O)N1CC[C@H]2CCN([C@H]2C1)C1=C2C=CNC2=NC=N1
CHEMBL4095629; 0.992; C\\C=C\\C(=O)N1CCC[C@H](C1)NC1=C2C=CNC2=NC=N1
CHEMBL4285014; 0.992; CC(C)CC(=O)N1C[C@H](N(C)C2=C3C=CNC3=NC=N2)C2(CC2)C1
CHEMBL3689531; 0.991; CC1CC2(CCCN2C(=O)CC#N)CN1C1=C2C=CNC2=NC=N1
CHEMBL4068357; 0.991; C[C@@H]1CCN(C[C@@H]1N(C)C1=C2C=CNC2=NC=N1)C(=O)N1CCCC1
CHEMBL3693602; 0.990; FC1(F)CCN(C(=O)CC#N)C11CCN(C1)C1=C2C=CNC2=NC=N1
CHEMBL3689516; 0.989; FC1(F)CN(C(=O)CC#N)C11CCN(C1)C1=C2C=CNC2=NC=N1
CHEMBL4291735; 0.989; CNC(=O)CC(=O)N1C[C@H](N(C)C2=C3C=CNC3=NC=N2)C2(CC2)C1
CHEMBL3693605; 0.989; O=C(NCCC#N)N1CCCC11CCCN(C1)C1=C2C=CNC2=NC=N1
CHEMBL3693597; 0.989; CCNC(=O)N1CCCC11CCCN(C1)C1=C2C=CNC2=NC=N1
CHEMBL4225530; 0.989; CC(C)CC(=O)N1CC[C@H](C1)N(C)C1=C2C=CNC2=NC=N1
CHEMBL3693599; 0.988; O=C(NCC#N)N1CCCC11CCCN(C1)C1=C2C=CNC2=NC=N1
CHEMBL4283881; 0.988; CN([C@H]1CN(CC11CC1)C(=O)CNC(C)=O)C1=C2C=CNC2=NC=N1
CHEMBL4287529; 0.988; CCCCN1C[C@H](N(C)C2=C3C=CNC3=NC=N2)C2(CC2)C1
CHEMBL2057924; 0.988; O=C(N[C@@H]1CCCN(C1)C1=C2C=CNC2=NC=N1)[C@H](NC1=CC=CC=C1)C1CC1
CHEMBL3693612; 0.987; O=C(NCCC#N)N1CCCC11CCN(C1)C1=C2C=CNC2=NC=N1
CHEMBL3689535; 0.986; CC1CCN(C(=O)CC#N)C11CN(CC1(F)F)C1=C2C=CNC2=NC=N1
CHEMBL3689520; 0.986; CN(CCC#N)C(=O)N1CCCC11CCN(C1)C1=C2C=CNC2=NC=N1
CHEMBL3693619; 0.985; CC(C)(C)OC(=O)N1CCCCCC11CCCN(C1)C1=C2C=CNC2=NC=N1
CHEMBL4283095; 0.985; CCN1C[C@H](N(C)C2=C3C=CNC3=NC=N2)C2(CC2)C1
CHEMBL3693608; 0.985; O=C(NCC#N)N1CCCC11CCN(C1)C1=C2C=CNC2=NC=N1
CHEMBL1630799; 0.985; CC1CCN(CC1N(C)C1=C2C=CNC2=NC=N1)C(=O)CS(C)(=O)=O
CHEMBL3693629; 0.985; C1CNC2(C1)CCN(C2)C1=C2C=CNC2=NC=N1
CHEMBL3693595; 0.984; C[C@H](OC(C)=O)C(=O)N1CCCC11CCCN(C1)C1=C2C=CNC2=NC=N1
CHEMBL4639731; 0.984; O=C(CC#N)N1CCC2(CCN(C2)C2=C3C=CNC3=NC=N2)C1
CHEMBL3693607; 0.983; COC(=O)N1CCCC11CCN(C1)C1=C2C=CNC2=NC=N1
CHEMBL3693598; 0.983; CC(=O)OCC(=O)N1CCCC11CCCN(C1)C1=C2C=CNC2=NC=N1
CHEMBL3693609; 0.982; CN(CC#N)C(=O)N1CCCC11CCN(C1)C1=C2C=CNC2=NC=N1
CHEMBL4225201; 0.982; CN([C@@H]1CCN(CCC#N)C1)C1=C2C=CNC2=NC=N1
CHEMBL4225197; 0.982; CCCCN1CC[C@H](C1)N(C)C1=C2C=CNC2=NC=N1
CHEMBL4292871; 0.981; CN([C@H]1CN(CC11CC1)C(=O)CN=[N+]=[N-])C1=C2C=CNC2=NC=N1
CHEMBL3693614; 0.981; COC(=O)CCC(=O)N1CCCC11CCN(C1)C1=C2C=CNC2=NC=N1
CHEMBL4225471; 0.978; CN([C@@H]1CCN(C1)C(=O)C=N[NH+]=[N-])C1=C2C=CNC2=NC=N1
CHEMBL1630793; 0.978; CC1CCN(CC1N(C)C1=C2C=CNC2=NC=N1)C(=O)C1CCN(CC2=CC=CC=C2)C1=O
CHEMBL3693613; 0.977; CCCNC(=O)N1CCCC11CCN(C1)C1=C2C=CNC2=NC=N1
CHEMBL4284136; 0.977; CN([C@H]1CN(CC11CC1)C(=S)CC#N)C1=C2C=CNC2=NC=N1
CHEMBL4285366; 0.976; CN([C@H]1CN(CC11CC1)C(=O)C1=CC=NC=C1)C1=C2C=CNC2=NC=N1
CHEMBL3693611; 0.975; O=C(N1CCCC11CCN(C1)C1=C2C=CNC2=NC=N1)C1=CC=C(C=C1)C#N
CHEMBL4290647; 0.973; CN([C@H]1CN(CC11CC1)C(=O)C1=CC=CC=C1)C1=C2C=CNC2=NC=N1
CHEMBL3693610; 0.973; O=C(N1CCCC11CCN(C1)C1=C2C=CNC2=NC=N1)C1=CC(=CC=C1)C#N
CHEMBL3693633; 0.971; O=C(CC#N)N1CCCC11CCCN(C1)C1=C2NC=NC2=NC=N1
CHEMBL2058193; 0.966; FC1=CC(Cl)=CC(NC2CCCN([C@@H]3CCCN(C3)C3=C4C=CNC4=NC=N3)C2=O)=C1
CHEMBL1630796; 0.965; CC1CCN(CC1N(C)C1=C2C=CNC2=NC=N1)C(=O)C1=CSC=C1
CHEMBL4287505; 0.964; CCCCNC(=O)N1C[C@H](N(C)C2=C3C=CNC3=NC=N2)C2(CC2)C1
CHEMBL3693622; 0.964; CC(C)(C)OC(=O)N1CCCCC11CCN(C1)C1=C2C=CNC2=NC=N1
CHEMBL4279618; 0.964; CN([C@H]1CN(CC2=CC=CC=C2)CC11CC1)C1=C2C=CNC2=NC=N1
CHEMBL4292627; 0.964; CN([C@H]1CN(CC11CC1)C(=O)C1=CC=C(C=C1)C#N)C1=C2C=CNC2=NC=N1
CHEMBL4293188; 0.964; CN([C@H]1CN(CC11CC1)C(=O)C1=CC=CC(=C1)C#N)C1=C2C=CNC2=NC=N1
CHEMBL4280297; 0.963; CN([C@H]1CN(CC11CC1)C(=O)NC1CCCCC1)C1=C2C=CNC2=NC=N1
CHEMBL4290931; 0.961; CN([C@H]1CN(CC11CC1)C(=O)NC1=CC=CC=C1)C1=C2C=CNC2=NC=N1
CHEMBL4280010; 0.959; CN([C@H]1CN(CC11CC1)C(=O)C1=CC=CN=C1)C1=C2C=CNC2=NC=N1
CHEMBL1630790; 0.959; C[C@@H]1CCN(CC2=CC=CC(F)=C2F)C[C@@H]1N(C)C1=C2C=CNC2=NC=N1
CHEMBL3693630; 0.959; C(N1CCCC11CCN(C1)C1=C2C=CNC2=NC=N1)C1=CC=CC=C1
CHEMBL4293482; 0.958; CN([C@H]1CN(CC11CC1)C(=O)NC1=CC=C(F)C=C1)C1=C2C=CNC2=NC=N1
CHEMBL4226460; 0.947; CN([C@@H]1CCN(C1)C(=O)NC1=CC=CC=C1)C1=C2C=CNC2=NC=N1
CHEMBL4276863; 0.944; CC(C)COC(=O)N1C[C@H](N(C)C2=C3C=CNC3=NC=N2)C2(CC2)C1
CHEMBL2314500; 0.943; CN1CCCN(CC1)C1=C2C=CNC2=NC(N)=N1
CHEMBL3693634; 0.943; O=C(CC#N)N1CCCCC11CCN(C1)C1=C2NC=NC2=NC=N1
CHEMBL3718545; 0.941; CC(C)(C)OC(=O)NC1CCCN(C1)C1=NC=NC2=C1C1=C(N2)C=CC(=C1)C(N)=O
CHEMBL570598; 0.937; CC1=CNC2=NC=NC(N3CCC(CC3)C(=O)NC3=CC=CC=C3)=C12
CHEMBL3356065; 0.922; C[C@H]1CN(CCN1C(=O)CC1=CC=CC=C1)C1=C2C(C)=CNC2=NC=N1
CHEMBL4280523; 0.922; CN([C@H]1CN(CC11CC1)C(=O)NC1=CC=C(Cl)C(Cl)=C1)C1=C2C=CNC2=NC=N1
CHEMBL3715474; 0.920; CCC1CCCCN1C1=NC=NC2=C1C1=C(N2)C=CC(O)=C1
CHEMBL4285642; 0.919; CN([C@H]1CN(CC11CC1)C(=O)NC1=CC=C(Cl)C=C1Cl)C1=C2C=CNC2=NC=N1
CHEMBL570339; 0.919; CC1=CNC2=NC=NC(N3CCC(CC3)C(=O)NC3=CC=C(C)C=C3)=C12
CHEMBL568938; 0.918; CC1=CNC2=NC=NC(N3CCC(CC3)C(=O)NC3=CC(C)=CC=C3)=C12
CHEMBL4279402; 0.917; CN([C@H]1CN(CC11CC1)S(=O)(=O)N1CCCCC1)C1=C2C=CNC2=NC=N1
CHEMBL4277099; 0.915; CN([C@H]1CN(CC11CC1)C(=O)NC1=CC=CC(Cl)=C1Cl)C1=C2C=CNC2=NC=N1
CHEMBL4291528; 0.914; CN([C@H]1CN(CC11CC1)C(=O)NC1=CC(Cl)=CC=C1Cl)C1=C2C=CNC2=NC=N1
CHEMBL1630792; 0.914; C[C@@H]1CCN(C[C@@H]1N(C)C1=C2C=CNC2=NC=N1)C(=O)C1CC2=CC(Cl)=CC=C2O1
CHEMBL3717780; 0.911; CC1CCCCN1C1=NC=NC2=C1C1=C(N2)C=CC(O)=C1
CHEMBL3714915; 0.911; OC1=CC2=C(NC3=C2C(=NC=N3)N2CCCCCC2)C=C1
CHEMBL3718539; 0.910; OC1=CC2=C(NC3=C2C(=NC=N3)N2CCCCC2)C=C1
CHEMBL3718552; 0.910; CC1CCCN(C1)C1=NC=NC2=C1C1=C(N2)C=CC(O)=C1
CHEMBL4229278; 0.910; CC(C)COC(=O)N1CC[C@H](C1)N(C)C1=C2C=CNC2=NC=N1
CHEMBL312503; 0.908; CC1=C(C)C2=C(N[C@@H]3CCCCNC3=O)N=C(N=C2N1)C1=CC=CC=C1
CHEMBL3714792; 0.908; CC1CC(C)CN(C1)C1=NC=NC2=C1C1=C(N2)C=CC(O)=C1
CHEMBL3715894; 0.906; CC1CCN(CC1)C1=NC=NC2=C1C1=C(N2)C=CC(O)=C1
CHEMBL3718794; 0.904; CC1CC(C)CN(C1)C1=NC=NC2=C1C1=C(N2)C=CC(=C1)C(N)=O
CHEMBL3719102; 0.903; CC1CCCN(C1)C1=NC=NC2=C1C1=C(N2)C=CC(=C1)C(N)=O
CHEMBL3716162; 0.903; CC1CCN(CC1)C1=NC=NC2=C1C1=C(N2)C=CC(=C1)C(N)=O
CHEMBL3693615; 0.903; [O-][N+](=O)C1=CC=C(OC(=O)N2CCCC22CCN(C2)C2=C3C=CNC3=NC=N2)C=C1
CHEMBL3904533; 0.900; CN([C@@H]1C[C@@H](C1)NS(=O)(=O)N1C[C@@H]2C[C@@]2(C1)C#N)C1=C2C=CNC2=NC=N1
CHEMBL3356064; 0.899; C[C@H]1CN(CCN1C(=O)NC1=CC=CC=C1)C1=C2C(C)=CNC2=NC=N1
CHEMBL4228436; 0.898; CN([C@@H]1CCN(C1)S(=O)(=O)N1CCCCC1)C1=C2C=CNC2=NC=N1
CHEMBL573004; 0.894; CC1=CNC2=NC=NC(N3CCC(CC3)C(=O)NC3=CC=CC(Br)=C3)=C12
CHEMBL4285042; 0.894; CN([C@H]1CN(CC11CC1)C(=O)NC1=CC=C(C)C(Cl)=C1)C1=C2C=CNC2=NC=N1
CHEMBL4283965; 0.893; CCS(=O)(=O)N1C[C@H](N(C)C2=C3C=CNC3=NC=N2)C2(CC2)C1
CHEMBL4291829; 0.893; CC(C)S(=O)(=O)N1C[C@H](N(C)C2=C3C=CNC3=NC=N2)C2(CC2)C1
CHEMBL584968; 0.891; CC1=CNC2=NC=NC(N3CC4CCC(C3)N4C(=O)NC3=CC=CC(Br)=C3)=C12
CHEMBL576283; 0.887; COC1=CC=C(NC(=O)C2CCN(CC2)C2=C3C(C)=CNC3=NC=N2)C=C1
CHEMBL2314765; 0.883; CCCCN1C=CC2=C(N=C(N)N=C12)N1CCNCC1
CHEMBL3715974; 0.880; NC(=O)C1=CC2=C(NC3=C2C(=NC=N3)N2CCCCCC2)C=C1
CHEMBL3715588; 0.878; NC(=O)C1=CC2=C(NC3=C2C(=NC=N3)N2CCCCC2)C=C1
CHEMBL3719354; 0.878; NC(=O)C1=CC2=C(NC3=C2C(=NC=N3)N2CCCCC2)C=C1
CHEMBL3715098; 0.877; CN(C1CCCCC1)C1=NC=NC2=C1C1=C(N2)C=CC(O)=C1
CHEMBL1923530; 0.876; C1CCC(C1)N1CCN(CC1)C1=C2C=CC=CC2=NC=N1
CHEMBL3715037; 0.872; CCC1CCCCN1C1=NC=NC2=C1C1=C(N2)C=CC(=C1)C(N)=O
CHEMBL3715699; 0.867; NC(=O)C1=CC2=C(NC3=C2C(NC2CCCC2)=NC=N3)C=C1
CHEMBL3717316; 0.866; CC1CCCCN1C1=NC(C)=NC2=C1C1=C(N2)C=CC(O)=C1
CHEMBL3716590; 0.865; OC1=CC2=C(NC3=C2C(NC2CCCC2)=NC=N3)C=C1
CHEMBL3719380; 0.864; NC(=O)C1=CC2=C(NC3=C2C(NC2CCCCC2)=NC=N3)C=C1
CHEMBL4287328; 0.863; CN([C@H]1CN(CC11CC1)C(=O)NC1=CC=CC=C1C1=CC=CC=C1)C1=C2C=CNC2=NC=N1
CHEMBL4077614; 0.863; CN([C@@H]1C[C@@H](C1)NS(=O)(=O)N1CCCCC1)C1=C2C=CNC2=NC=N1
CHEMBL3717066; 0.862; OC1=CC2=C(NC3=C2C(=NC=N3)N2CCCC2)C=C1
CHEMBL3719173; 0.860; CC1CCCN(C1)C1=NC(C)=NC2=C1C1=C(N2)C=CC(O)=C1
CHEMBL3658853; 0.860; CN([C@@H]1C[C@@H](C1)NS(=O)(=O)N1C[C@H]2C[C@]2(C1)C#N)C1=C2C=CNC2=NC=N1
CHEMBL3715304; 0.858; CC1CCN(CC1)C1=NC(C)=NC2=C1C1=C(N2)C=CC(O)=C1
CHEMBL3356066; 0.857; C[C@@H](NC(=O)N1CCN(C[C@@H]1C)C1=C2C(C)=CNC2=NC=N1)C1=CC=CC=C1
CHEMBL570819; 0.856; C[C@H]1CN(C[C@@H](C)N1C(=O)NC1=CC=CC(Br)=C1)C1=C2C(C)=CNC2=NC=N1
CHEMBL3655099; 0.855; CN([C@@H]1C[C@@H](C1)NS(=O)(=O)N1CC[C@@H](C1)C#N)C1=C2C=CNC2=NC=N1
CHEMBL3669559; 0.855; O=C1N(CC2=CNC3=CC=CC=C23)CCCC11CCN(CC1)C1=C2C=CNC2=NC=N1
CHEMBL3718722; 0.855; OC1=CC2=C(NC3=C2C(=NC=N3)N2CCC(=O)CC2)C=C1
CHEMBL3356421; 0.853; CC(C)OC1=CC(NC(=O)C2CCN(CC2)C2=C3C(C)=CNC3=NC=N2)=CC=C1
CHEMBL3718526; 0.849; OC1=CC2=C(NC3=C2C(NC2CCCCC2)=NC=N3)C=C1
CHEMBL3717897; 0.849; NC(=O)C1CCCN(C1)C1=NC=NC2=C1C1=C(N2)C=CC(O)=C1
CHEMBL1325388; 0.847; C1CCC(CC1)N1CCN(CC1)C1=NC=NC2=C1NC1=C2C=CC=C1
CHEMBL4214539; 0.846; ClC1=CC=C(CC(=O)N2CCN(CC2)C2=C3C(Br)=CNC3=NC=N2)C=C1
CHEMBL3715453; 0.846; NC(=O)C1=CC2=C(NC3=C2C(NC2CCCCCC2)=NC=N3)C=C1
CHEMBL3352853; 0.845; C[C@H](NC(=O)N1CCN(C[C@@H]1C)C1=C2C(C)=CNC2=NC=N1)C1=CC=CC=C1
CHEMBL4207231; 0.845; ClC1=CC=C(C=C1)C1(CCNCC1)C(=O)N1CCN(CC1)C1=C2C(Br)=CNC2=NC=N1
CHEMBL3717291; 0.844; CC1=NC2=C(C3=C(N2)C=CC(O)=C3)C(=N1)N1CCCCC1
CHEMBL3356425; 0.844; CC1=CNC2=NC=NC(N3CCC(C)(CC3)C(=O)NC3=CC=CC(=C3)C(C)(C)C)=C12
CHEMBL3717461; 0.843; CC1CCCCN1C1=NC(N)=NC2=C1C1=C(N2)C=CC(O)=C1
CHEMBL3715052; 0.843; NC1=NC2=C(C3=C(N2)C=CC(O)=C3)C(=N1)N1CCCCC1
CHEMBL3715629; 0.843; NC1=NC2=C(C3=C(N2)C=CC(O)=C3)C(=N1)N1CCCCC1
CHEMBL259265; 0.843; C1N(C2=CC=CC=C2C11CCNCC1)C1=C2C=CNC2=NC=N1
CHEMBL1630789; 0.842; C[C@@H]1CCN(C[C@@H]1N(C)C1=C2C=CNC2=NC=N1)C(=O)NC1=CC(C)=NS1
CHEMBL3718589; 0.840; CC1CCN(CC1)C1=NC(N)=NC2=C1C1=C(N2)C=CC(O)=C1
CHEMBL571502; 0.840; C[C@@H]1CN(CCN1C(=O)NC1=CC=CC(Br)=C1)C1=C2C(C)=CNC2=NC=N1
CHEMBL571942; 0.839; C[C@H]1CN(CCN1C(=O)NC1=CC=CC(Br)=C1)C1=C2C(C)=CNC2=NC=N1
CHEMBL3652310; 0.836; CC1CN(CCN1C)S(=O)(=O)C[C@H]1CC[C@@H](CC1)N(C)C1=C2C=CNC2=NC=N1
CHEMBL3719123; 0.836; OC1=CC2=C(NC3=C2C(NC2CCCCCC2)=NC=N3)C=C1
CHEMBL1630787; 0.835; CCN(CC)C(=O)OC[C@H](C)[C@H]1CC[C@@H](C)[C@H](C1)N(C)C1=C2C=CNC2=NC=N1
CHEMBL3717494; 0.835; CC1CCCN(C1)C1=NC(N)=NC2=C1C1=C(N2)C=CC(O)=C1
CHEMBL570109; 0.834; CC1=CNC2=NC=NC(N3CCC(CC3)C(=O)NC3=CC=CC(OC4=CC=CC=C4)=C3)=C12
CHEMBL3715015; 0.833; NC1=NC2=C(C3=C(N2)C=CC(O)=C3)C(=N1)N1CCCCCC1
CHEMBL3717848; 0.833; OC1=CC2=C(NC3=C2C(=NC=N3)N2CCNCC2)C=C1
CHEMBL3719312; 0.833; NC1=NC2=C(C3=C(N2)C=CC(O)=C3)C(=N1)N1CCC(Br)CC1
CHEMBL3719265; 0.831; CC1=NC2=C(C3=C(N2)C=CC(O)=C3)C(=N1)N1CCCCCC1
CHEMBL583464; 0.831; C[C@H]1CN(CCN1C(=O)NC1=CC=CC(Cl)=C1)C1=C2C(C)=CNC2=NC=N1
CHEMBL572170; 0.829; CC(C)NC(=O)C1=CC(NC(=O)N2CCN(C[C@@H]2C)C2=C3C(C)=CNC3=NC=N2)=CC=C1
CHEMBL3356424; 0.829; CC1=CNC2=NC=NC(N3CCC(CC=C)(CC3)C(=O)NC3=CC=CC(Cl)=C3)=C12
CHEMBL2012587; 0.829; ClC1=CC=CC(=C1)N1CCN(CC1)C1=C2C=CNC2=NC=N1
CHEMBL3655098; 0.828; CN([C@@H]1C[C@@H](C1)NS(=O)(=O)N1CC[C@H](C1)C#N)C1=C2C=CNC2=NC=N1
CHEMBL3658855; 0.828; CN([C@H]1C[C@@H](C1)NS(=O)(=O)N1CCC(C1)C#N)C1=C2C=CNC2=NC=N1
CHEMBL258838; 0.827; CN1CCC2(CN(C3=CC=CC=C23)C2=C3C=CNC3=NC=N2)CC1
CHEMBL3655102; 0.826; CN([C@@H]1C[C@@H](C1)NS(=O)(=O)N1CC(C1)C#N)C1=C2C=CNC2=NC=N1
CHEMBL4283883; 0.825; CN([C@H]1CN(CC11CC1)S(=O)(=O)C1=CC=CC=C1)C1=C2C=CNC2=NC=N1
CHEMBL4227307; 0.824; CN([C@@H]1CCN(C1)S(C)(=O)=O)C1=C2C=CNC2=NC=N1
CHEMBL4285473; 0.822; CCCS(=O)(=O)N1C[C@H](N(C)C2=C3C=CNC3=NC=N2)C2(CC2)C1
CHEMBL570820; 0.821; C[C@H]1CN(CCN1C(=O)NC1=CC=C(F)C(Br)=C1)C1=C2C(C)=CNC2=NC=N1
CHEMBL4282998; 0.820; CN([C@H]1CN(CC11CC1)S(=O)(=O)C1=CC=C(C=C1)C#N)C1=C2C=CNC2=NC=N1
CHEMBL3685319; 0.820; N#CC1=CC=C(C=C1)C1=CC2=C(NC3CCCNC3)N=CN=C2C=C1
CHEMBL3717493; 0.819; NC(=O)C1=CC2=C(NC3=C2C(=NC(N)=N3)N2CCCCC2)C=C1
CHEMBL3652335; 0.818; CN([C@H]1CC[C@H](CS(=O)(=O)N2CCC[C@@H](C2)C#N)CC1)C1=C2C=CNC2=NC=N1
CHEMBL4206481; 0.816; CN1C=C(NC2=NC(N[C@@H]3CCN(C3)C(=O)C=C)=C3C(Cl)=CNC3=N2)C=N1
CHEMBL3716812; 0.814; CC1=NC2=C(C3=C(N2)C=CC(=C3)C(N)=O)C(=N1)N1CCCCC1
CHEMBL3393349; 0.812; CN1CCN(CC1)C1=C2C(NC=C2C2=CC=CC(=C2)C#N)=NC=N1
CHEMBL3356423; 0.810; C[C@@H]1CN(CC[C@@H]1C(=O)NC1=CC=CC(OC(=O)N(C)C)=C1)C1=C2C(C)=CNC2=NC=N1
CHEMBL3652332; 0.810; C[C@H]1CCCN(C1)S(=O)(=O)C[C@H]1CC[C@@H](CC1)N(C)C1=C2C=CNC2=NC=N1
CHEMBL3718879; 0.810; CC1=NC2=C(C3=C(N2)C=CC(O)=C3)C(=N1)N1CCCC1
CHEMBL4225947; 0.809; CC(C)S(=O)(=O)N1CC[C@H](C1)N(C)C1=C2C=CNC2=NC=N1
CHEMBL2420911; 0.808; C1CNCC2(C1)CCN(CC2)C1=C2NC=NC2=NC=N1
CHEMBL3718020; 0.807; COC(=O)C1=CC2=C(NC3=C2C(=NC(N)=N3)N2CCCCC2)C=C1
CHEMBL4082035; 0.807; CN([C@@H]1C[C@@H](C1)NS(=O)(=O)NCCCC#N)C1=C2C=CNC2=NC=N1
CHEMBL4289789; 0.805; CN([C@H]1CN(CC11CC1)S(=O)(=O)C1=CC=CC(F)=C1)C1=C2C=CNC2=NC=N1
CHEMBL4638180; 0.804; ONC(=O)C[C@@H](CC1CCCC1)C(=O)N1CC2(CC2)C[C@H]1C(=O)NC1=CC=NC=N1
CHEMBL4545883; 0.802; CC1CCCCN1CC(C)(C)NC1=NC(=NC2=CN=CC=C12)C1=CC=NC=C1
CHEMBL3356063; 0.800; COC1=CC=CC(NC(=O)N2CCN(C[C@@H]2C)C2=C3C(C)=CNC3=NC=N2)=C1
CHEMBL4287327; 0.799; CN([C@H]1CN(CC11CC1)S(=O)(=O)C1=CC2=CC=CC=C2C=C1)C1=C2C=CNC2=NC=N1
CHEMBL3652379; 0.798; CN([C@H]1CC[C@H](CS(=O)(=O)N2CCC[C@H]2CN2CCCC2)CC1)C1=C2C=CNC2=NC=N1
CHEMBL3715062; 0.798; CCCN(CCC)C1=NC=NC2=C1C1=C(N2)C=CC(=C1)C(N)=O
CHEMBL3717128; 0.797; NC1=NC2=C(C3=C(N2)C=CC(O)=C3)C(NC2CCCC2)=N1
CHEMBL4293578; 0.797; CN([C@H]1CN(CC11CC1)S(=O)(=O)C1=CC=CC(=C1)C#N)C1=C2C=CNC2=NC=N1
CHEMBL3652376; 0.797; CCN1CCN(C[C@H]2CCN(C2)S(=O)(=O)C[C@H]2CC[C@@H](CC2)N(C)C2=C3C=CNC3=NC=N2)C(=O)C1=O
CHEMBL407718; 0.796; FC1=CC=C2N(CC3(CCNCC3)C2=C1)C1=C2C=CNC2=NC=N1
CHEMBL3356419; 0.795; CN(C)C(=O)OC1=CC(NC(=O)N2CCN(CC2C(C)(C)C)C2=C3C(C)=CNC3=NC=N2)=CC=C1
CHEMBL4278452; 0.795; CN([C@H]1CN(CC11CC1)S(=O)(=O)C1=CC=C(F)C=C1)C1=C2C=CNC2=NC=N1
CHEMBL3716642; 0.794; CN(C1CCCCC1)C1=NC(N)=NC2=C1C1=C(N2)C=CC(O)=C1
CHEMBL2314771; 0.794; CC1=CC2=C(N=C(N)N=C2N1)N1CCNCC1
CHEMBL3356422; 0.793; C[C@H]1CN(CC[C@@H]1C(=O)NC1=CC=CC(OC(=O)N(C)C)=C1)C1=C2C(C)=CNC2=NC=N1
CHEMBL3652316; 0.793; CCC1(CCN(CC1)S(=O)(=O)C[C@H]1CC[C@@H](CC1)N(C)C1=C2C=CNC2=NC=N1)C(N)=O
CHEMBL4100048; 0.789; CCS(=O)(=O)C[C@H]1C[C@H](C1)N(C)C1=C2C=CNC2=NC=N1
CHEMBL3717224; 0.788; CC(C)(C)OC(=O)NCCNC1=NC=NC2=C1C1=C(N2)C=CC(=C1)C(N)=O
CHEMBL3717143; 0.788; NC1=NC2=C(C3=C(N2)C=CC(O)=C3)C(=N1)N1CCC2CCCCC2C1
CHEMBL4100431; 0.788; CN([C@@H]1C[C@@H](C1)NS(C)(=O)=O)C1=C2C=CNC2=NC=N1
CHEMBL3716098; 0.786; CC(C)(C)OC(=O)N1CCC(CC1)NC1=NC=NC2=C1C1=C(N2)C=CC(O)=C1
CHEMBL3715766; 0.783; COC(=O)C1=CC2=C(NC3=C2C(=NC(C)=N3)N2CCCCC2)C=C1
CHEMBL258837; 0.783; N#CC1=CNC2=NC=NC(N3CC4(CCNCC4)C4=CC=CC=C34)=C12
CHEMBL1916501; 0.780; CN1CCCN(CC1)C1=CC(NCC(C)(C)C)=NC=N1
CHEMBL3658862; 0.780; CN([C@@H]1C[C@H](CS(=O)(=O)CCC2CC2)C1)C1=C2C=CNC2=NC=N1
CHEMBL4227368; 0.780; CN([C@@H]1CCN(C1)S(=O)(=O)C1=CC=C(C=C1)C#N)C1=C2C=CNC2=NC=N1
CHEMBL4283964; 0.778; COC1=CC=C(C=C1)S(=O)(=O)N1C[C@H](N(C)C2=C3C=CNC3=NC=N2)C2(CC2)C1
CHEMBL3658865; 0.778; CN([C@@H]1C[C@H](CS(=O)(=O)[C@@H]2CC[C@H](C2)C#N)C1)C1=C2C=CNC2=NC=N1
CHEMBL4635104; 0.778; C[C@@H]1[C@@H]2CN(C[C@]12NC(=O)[C@H]1CC1(F)F)C1=NC(NC2=CN(C)N=C2)=NC=C1F
CHEMBL571280; 0.777; CC1=CNC2=NC=NC(N3CCN(CC3)C(=O)NC3=CC=CC(Br)=C3)=C12
CHEMBL4063642; 0.777; CN(C1CC1)S(=O)(=O)N[C@H]1C[C@H](C1)N(C)C1=C2C=CNC2=NC=N1
CHEMBL3652308; 0.776; CN([C@H]1CC[C@H](CS(=O)(=O)N2CC[C@@H](CC#N)C2)CC1)C1=C2C=CNC2=NC=N1
CHEMBL4227047; 0.775; CCS(=O)(=O)N1CC[C@H](C1)N(C)C1=C2C=CNC2=NC=N1
CHEMBL4284912; 0.774; CN([C@H]1CN(CC11CC1)S(=O)(=O)C1=CC(C)=CC=C1)C1=C2C=CNC2=NC=N1
CHEMBL4634433; 0.774; C[C@@H]1[C@@H]2CN(C[C@]12NC(=O)[C@@H]1C[C@H]1C#N)C1=NC(NC2=CN(C)N=C2)=NC=C1F
CHEMBL4635625; 0.773; C[C@@H]1[C@@H]2CN(C[C@]12NC(=O)[C@@H]1CC1(F)F)C1=NC(NC2=CN(C)N=C2)=NC=C1F
CHEMBL3665194; 0.773; CSC1=NC=C(C(N[C@H]2CCCN(C2)C(=O)CC#N)=N1)C1=CN=C2NC=CC2=N1
CHEMBL4648631; 0.773; C[C@@H]1[C@@H]2CN(C[C@]12NC(=O)[C@H]1C[C@@H]1C#N)C1=NC(NC2=CN(C)N=C2)=NC=C1F
CHEMBL4078655; 0.772; CN([C@@H]1C[C@@H](C1)NS(=O)(=O)NC1CC1)C1=C2C=CNC2=NC=N1
CHEMBL3652323; 0.772; CC1CCN(CC1)S(=O)(=O)C[C@H]1CC[C@@H](CC1)N(C)C1=C2C=CNC2=NC=N1
CHEMBL4448573; 0.772; O=C(NC1=CC=CC(=C1)C1CCCN(C1)C1=C2C=CNC2=NC=N1)C1=CC=CC=C1
CHEMBL4075575; 0.771; CN([C@@H]1C[C@H](CS(=O)(=O)C2CC2)C1)C1=C2C=CNC2=NC=N1
CHEMBL3658864; 0.771; CN([C@@H]1C[C@H](CS(=O)(=O)[C@H]2CC[C@@H](C2)C#N)C1)C1=C2C=CNC2=NC=N1
CHEMBL3718936; 0.769; NC1=NC2=C(C3=C(N2)C=CC(O)=C3)C(NC2CCCCC2)=N1
CHEMBL571715; 0.769; CC1=CNC2=NC=NC(N3CCN(CC3)C(=O)NC3=CC(C)=CC=C3)=C12
CHEMBL3717892; 0.767; COC1=CC2=C(C=C1OC)C1=C(N2)N=C(N)N=C1N1CCCCC1
CHEMBL82197; 0.766; CC1=C(C)C2=C(NCCN3CCNC3=O)N=C(N=C2N1)C1=CC=CC=C1
CHEMBL4281921; 0.765; CN([C@H]1CN(CC11CC1)S(=O)(=O)C1=CC=CC=C1F)C1=C2C=CNC2=NC=N1
CHEMBL3718705; 0.764; NC1=NC2=C(C3=C(N2)C=CC(O)=C3)C(=N1)N1CCCC1
CHEMBL3652357; 0.762; C[C@H]1CCCN1S(=O)(=O)C[C@H]1CC[C@@H](CC1)N(C)C1=C2C=CNC2=NC=N1
CHEMBL4226780; 0.762; CCCS(=O)(=O)N1CC[C@H](C1)N(C)C1=C2C=CNC2=NC=N1
CHEMBL3658863; 0.762; CN([C@@H]1C[C@H](CS(=O)(=O)CC2CC(F)(F)C2)C1)C1=C2C=CNC2=NC=N1
CHEMBL4167162; 0.762; ClC1=CC=C(NC2=C3C=C(NC(=O)CN4CCCC4)C=CC3=NC=N2)C=C1
CHEMBL4286370; 0.762; CN([C@H]1CN(CC11CC1)S(=O)(=O)C1=CC=CC=C1C#N)C1=C2C=CNC2=NC=N1
CHEMBL3718041; 0.762; CC(C)N(C)C1=NC=NC2=C1C1=C(N2)C=CC(O)=C1
CHEMBL4649816; 0.762; O=C1C[C@@H](CN1CC1=CC=CC=C1)NC1=C2NC=NC2=NC=N1
CHEMBL3652279; 0.761; CN([C@H]1CC[C@H](CS(=O)(=O)N2CCCC(C2)C(C)=O)CC1)C1=C2C=CNC2=NC=N1
CHEMBL3655097; 0.760; CN([C@@H]1C[C@@H](C1)NS(=O)(=O)NCC1CC1)C1=C2C=CNC2=NC=N1
CHEMBL3658859; 0.760; CN([C@@H]1C[C@H](CS(=O)(=O)N2CC[C@@H](C2)C#N)C1)C1=C2C=CNC2=NC=N1
CHEMBL3804845; 0.759; CN1C(=O)N(CC(C)(C)C)C2=CC=C(N=C12)N1CC2CCC1CN2C1=NC=CC=N1
CHEMBL3685321; 0.759; NC(=O)C1=CC(=CC2=C(N[C@H]3CCCNC3)N=CN=C12)C1=CC=CC=C1
CHEMBL259163; 0.759; CC1=CNC2=NC=NC(N3CC4(CCNCC4)C4=CC=CC=C34)=C12
CHEMBL3652397; 0.758; CN([C@H]1CC[C@H](CS(=O)(=O)N2CCCC3(CNC(=O)C3)C2)CC1)C1=C2C=CNC2=NC=N1
CHEMBL4104105; 0.758; CN([C@@H]1C[C@H](CS(=O)(=O)N2CCCC2)C1)C1=C2C=CNC2=NC=N1
CHEMBL4071850; 0.756; CCNS(=O)(=O)N[C@H]1C[C@H](C1)N(C)C1=C2C=CNC2=NC=N1
CHEMBL449964; 0.756; ClC1=CC=C2N(CC3(CCNCC3)C2=C1)C1=C2C=CNC2=NC=N1
CHEMBL4577152; 0.756; O=C(NC1=CC=CC=C1)NC1=CC=CC(=C1)C1CCCN(C1)C1=C2C=CNC2=NC=N1
CHEMBL3806226; 0.755; CN1C(=O)N(CC(C)(C)C)C2=CC=C(N=C12)N1CC2CCC1CN2
CHEMBL4290189; 0.753; CN([C@H]1CN(CC11CC1)S(=O)(=O)C1=CC=CC=C1[N+]([O-])=O)C1=C2C=CNC2=NC=N1
CHEMBL4060699; 0.752; N#CC1=CC2=C(N[C@H]3CC[C@@H](CC3)N3CCC3)N=CN=C2C=C1
CHEMBL4090590; 0.751; CCCS(=O)(=O)C[C@H]1C[C@H](C1)N(C)C1=C2C=CNC2=NC=N1
CHEMBL4226840; 0.750; CN([C@@H]1CCN(C1)S(=O)(=O)C1=CC=CC(=C1)C#N)C1=C2C=CNC2=NC=N1
CHEMBL570116; 0.749; C[C@H]1CN(CCN1C(=O)NC1=CC=CC(OC(=O)N(C)C)=C1)C1=C2C(C)=CNC2=NC=N1
CHEMBL3658860; 0.748; CCCCS(=O)(=O)C[C@H]1C[C@H](C1)N(C)C1=C2C=CNC2=NC=N1
CHEMBL4087971; 0.748; CN1CCN(CC1)[C@H]1CC[C@@H](CC1)NC1=NC=NC2=CC=C(C=C12)C#N
CHEMBL3718826; 0.746; NC1=NC2=C(C3=C(N2)C=CC(O)=C3)C(=N1)N1CCNCC1
CHEMBL3658861; 0.745; CCCS(=O)(=O)C[C@H]1C[C@@H](C1)N(C)C1=C2C=CNC2=NC=N1
CHEMBL4463861; 0.743; O=C(CC1CCN(C1)C#N)NC1CN(C1)C1=CC=CC=N1
CHEMBL3658858; 0.741; CN([C@@H]1C[C@H](CS(=O)(=O)N2CC[C@H](C2)C#N)C1)C1=C2C=CNC2=NC=N1
CHEMBL1916497; 0.738; CN1CC[C@@H](C1)NC1=CC(NCCC(C)(C)C)=NC=N1
CHEMBL3655096; 0.737; CN([C@@H]1C[C@@H](C1)NS(=O)(=O)C1CN(C1)C1CC1)C1=C2C=CNC2=NC=N1
CHEMBL3658856; 0.736; CN([C@@H]1C[C@H](CS(=O)(=O)N2CCC(F)(F)CC2)C1)C1=C2C=CNC2=NC=N1
CHEMBL1770997; 0.735; NC1=NC(=CC(=N1)N1CC2CCCNC2C1)N1CCCC1
CHEMBL4166069; 0.735; BrC1=CC(NC2=C3C=C(NC(=O)CN4CCCCC4)C=CC3=NC=N2)=CC=C1
CHEMBL3652382; 0.734; CN([C@H]1CC[C@H](CS(=O)(=O)N2CC(F)C2)CC1)C1=C2C=CNC2=NC=N1
CHEMBL3655083; 0.734; CN([C@@H]1C[C@@H](C1)NS(=O)(=O)[C@H]1C[C@H](CC#N)C1)C1=C2C=CNC2=NC=N1
CHEMBL4552458; 0.734; O=C(NC1=CC=CC=C1)NC1=CC=CC(=C1)[C@@H]1CCCN(C1)C1=C2C=CNC2=NC=N1
CHEMBL411515; 0.732; ClC1=CNC2=NC=NC(N3CC4(CCNCC4)C4=CC=CC=C34)=C12
CHEMBL2420909; 0.732; C1CCC2(CCN(CC2)C2=C3NC=NC3=NC=N2)NC1
CHEMBL4454171; 0.732; C(NC1=C2N=CC=NC2=CC(=N1)N1CCNCC1)[C@H]1CCCNC1
CHEMBL4539015; 0.731; NC1=NC=CC(=N1)N1CC(C1)N1CCCC1
CHEMBL3652283; 0.730; CN([C@H]1CC[C@H](CS(=O)(=O)N2CCCC(F)C2)CC1)C1=C2C=CNC2=NC=N1
CHEMBL3718605; 0.730; CCN(CC)C1=NC(C)=NC2=C1C1=C(N2)C=CC(O)=C1
CHEMBL572371; 0.729; CC1CN(CCN1\\C(NC1=CC=CC(Br)=C1)=N\\C#N)C1=C2C=CNC2=NC=N1
CHEMBL3718883; 0.728; NC1=NC2=C(C3=C(N2)C=CC(O)=C3)C(NC2CCCCCC2)=N1
CHEMBL4226435; 0.728; CN([C@@H]1CCN(C1)S(=O)(=O)C1=CC=CC=C1)C1=C2C=CNC2=NC=N1
CHEMBL3652380; 0.727; CN([C@H]1CC[C@H](CS(=O)(=O)N2CCC2)CC1)C1=C2C=CNC2=NC=N1
CHEMBL192165; 0.727; O=C([C@@H]1C[C@H](CN1)NC1=CC=C(C=N1)C#N)N1CCC[C@H]1C#N
CHEMBL4059675; 0.724; N#CC1=CC2=C(N[C@H]3CC[C@@H](CC3)N3CCCC3)N=CN=C2C=C1
CHEMBL4226000; 0.723; CCN([C@@H]1CCN(C1)S(=O)(=O)C1=CC=CC(=C1)C#N)C1=C2C=CNC2=NC=N1
CHEMBL568706; 0.723; COC1=CC=CC(NC(=O)N2CCN(CC2)C2=C3C(C)=CNC3=NC=N2)=C1
CHEMBL3670600; 0.722; FC1=CC=C(N2N=CC=N2)C(=C1)C(=O)N1CC[C@H]2CN([C@H]2C1)C1=CC(NC2CC2)=NC=N1
CHEMBL3655084; 0.721; CN([C@@H]1C[C@@H](C1)NS(=O)(=O)[C@@H]1C[C@H](CC#N)C1)C1=C2C=CNC2=NC=N1
CHEMBL570831; 0.721; CC(C)[C@H]1CN(CCN1\\C(NC1=CC=CC(Br)=C1)=N\\C#N)C1=C2C(C)=CNC2=NC=N1
CHEMBL4068319; 0.719; CN([C@@H]1C[C@@H](C1)NS(=O)(=O)CC1CCC1)C1=C2C=CNC2=NC=N1
CHEMBL3393341; 0.718; C[C@H]1CCCN(C1)C1=C2C(NC=C2C2=CC=CC(=C2)C#N)=NC=N1
CHEMBL3393342; 0.718; C[C@@H]1CCCN(C1)C1=C2C(NC=C2C2=CC=CC(=C2)C#N)=NC=N1
CHEMBL3655095; 0.718; CN([C@@H]1C[C@@H](C1)NS(=O)(=O)CC1CC1)C1=C2C=CNC2=NC=N1
CHEMBL3215661; 0.717; CCN1CCCC(C1)NC1=NC(NC2=CC(Cl)=CC(Cl)=C2)=NC2=CC=C(Cl)C=C12
CHEMBL4229118; 0.717; CN([C@@H]1CCN(C1)S(=O)(=O)C1=CC2=CC=CC=C2C=C1)C1=C2C=CNC2=NC=N1
CHEMBL297702; 0.717; CC1(C)CC(=O)N(CCCCN2CCN(CC2)C2=NC3=CC=CC=C3C=C2)C(=O)C1
CHEMBL4468002; 0.717; O=C(NC1=CC=CN=C1)NC1=CC=CC(=C1)C1CCCN(C1)C1=C2C=CNC2=NC=N1
CHEMBL4445919; 0.716; O=C(NC1=CC=CC(=C1)C1CCCN(C1)C1=C2C=CNC2=NC=N1)NC1=CC=CC=C1N1CCCCC1
CHEMBL4227802; 0.715; CN([C@@H]1CCN(C1)S(=O)(=O)C1=CC=C(C)C=C1)C1=C2C=CNC2=NC=N1
CHEMBL4208687; 0.713; C(N1CCC(C1)NC1=NC=CC(=N1)N1CCCCCC1)C1=CC=CC=C1
CHEMBL78377; 0.713; CC1=C(C)C2=C(NCCCN3CCCC3=O)N=C(N=C2N1)C1=CC=CC=C1
CHEMBL4546811; 0.713; C1CC(CN(C1)C1=C2C=CNC2=NC=N1)C1=CC=CC(NC2=NC3=CC=CC=C3N2)=C1
CHEMBL4096446; 0.712; FC1CCN(CC1)[C@H]1CC[C@@H](CC1)NC1=C2C=C(C=CC2=NC=N1)C#N
CHEMBL3426183; 0.712; C1CNCC(C1)NC1=NC=NC2=CC=C(C=C12)C1=CN=CS1
CHEMBL4225016; 0.712; CN([C@@H]1CCN(C1)S(=O)(=O)C1=CC=CC(=C1)[N+]([O-])=O)C1=C2C=CNC2=NC=N1
CHEMBL3652341; 0.712; CN([C@H]1CC[C@H](CS(=O)(=O)N2CC[C@H](F)C2)CC1)C1=C2C=CNC2=NC=N1
CHEMBL4460419; 0.711; O=C(NC1=CC=CC(=C1)C1CCCN(C1)C1=C2C=CNC2=NC=N1)NC1=CC=CC=N1
CHEMBL3356426; 0.711; CN(C)C(=O)OC1=CC(NC(=O)C2(CC=C)CCN(CC2)C2=C3C(C)=CNC3=NC=N2)=CC=C1
CHEMBL2314501; 0.710; CN1CCCN(CC1)C1=C2C=C(NC2=NC(N)=N1)C1=CC=CC=C1
CHEMBL3655087; 0.709; CN([C@@H]1C[C@@H](C1)NS(=O)(=O)[C@H]1C[C@@](C)(CC#N)C1)C1=C2C=CNC2=NC=N1
CHEMBL4067851; 0.709; NC1=NC(N2CCC(CC2)S(N)(=O)=O)=C2C(NC=C2C#N)=N1
CHEMBL4089286; 0.708; CCNS(=O)(=O)C[C@H]1C[C@H](C1)N(C)C1=C2C=CNC2=NC=N1
CHEMBL585734; 0.707; CC(C)NC(=O)C1=CC(N\\C(=N/C#N)N2CCN(C[C@@H]2C)C2=C3C(C)=CNC3=NC=N2)=CC=C1
CHEMBL4558071; 0.707; FC1=CC=C(NC(=O)NC2=CC=CC(=C2)C2CCCN(C2)C2=C3C=CNC3=NC=N2)C=C1
CHEMBL284092; 0.707; CC1(C)CC(=O)N(CCCCN2CCN(CC2)C2=NC=CC=N2)C(=O)C1
CHEMBL4226257; 0.707; CN([C@@H]1CCN(C1)S(=O)(=O)C1=CC=CC(F)=C1)C1=C2C=CNC2=NC=N1
CHEMBL506969; 0.705; CN1CCN(CC1)C1=NC=NC2=CC=CC=C12
CHEMBL3655093; 0.705; CN([C@@H]1C[C@@H](C1)NS(=O)(=O)CC1CC(F)(F)C1)C1=C2C=CNC2=NC=N1
CHEMBL2425735; 0.704; BrC1=CC(NC2=C3C=C(NC(=O)CCCN4CCCCC4)C=CC3=NC=N2)=CC=C1
CHEMBL4099048; 0.702; CN([C@@H]1C[C@@H](C1)NS(=O)(=O)CCCC#N)C1=C2C=CNC2=NC=N1
CHEMBL2152300; 0.702; O=C(CC#N)N1CCC[C@H](C1)N1C=NC2=C1C1=C(NC=C1)N=C2
CHEMBL3658866; 0.702; CC(C)N1CCC(C1)S(=O)(=O)C[C@H]1C[C@H](C1)N(C)C1=C2C=CNC2=NC=N1
CHEMBL1504670; 0.699; COC1=CC=CC(=C1)N1CCN(CC1)C(=O)CCCCCNC1=C2C=CC=CC2=NC(=S)N1
CHEMBL3593766; 0.699; NC(=O)C1=CN=C2NC=CC2=C1N[C@@H]1CCCN(CC2=CC=CC=C2)C1
CHEMBL569861; 0.699; C[C@H]1CN(CCN1\\C(NC1=CC=CC(=C1)C#N)=N\\C#N)C1=C2C(C)=CNC2=NC=N1
CHEMBL4435444; 0.698; CC(C)(C)C1=CC=CC=C1NC(=O)NC1=CC=CC(=C1)C1CCCN(C1)C1=C2C=CNC2=NC=N1
CHEMBL3652282; 0.695; CN([C@H]1CC[C@H](CS(=O)(=O)N2CCCC(CN3CCCC3)C2)CC1)C1=C2C=CNC2=NC=N1
CHEMBL4228745; 0.693; COC1=CC=C(C=C1)S(=O)(=O)N1CC[C@H](C1)N(C)C1=C2C=CNC2=NC=N1
CHEMBL3905486; 0.692; C1CCN(C1)C1=CC(=NC(=N1)N1CCCC1)N1CCNCC1
CHEMBL4092805; 0.692; CCS(=O)(=O)N[C@H]1C[C@H](C1)N(C)C1=C2C=CNC2=NC=N1
CHEMBL4227709; 0.691; CN([C@@H]1CCN(C1)S(=O)(=O)C1=CC=C(F)C=C1)C1=C2C=CNC2=NC=N1
CHEMBL571261; 0.691; CC1=CNC2=NC=NC(N3CC4CC3CN4\\C(NC3=CC=CC(Br)=C3)=N\\C#N)=C12
CHEMBL3652381; 0.691; CN([C@H]1CC[C@H](CS(=O)(=O)N2CC(C2)C2=NC=CC=N2)CC1)C1=C2C=CNC2=NC=N1
CHEMBL3133894; 0.690; C=CC(=O)NC1=CC2=C(NC3CCCCC3)N=CN=C2C=C1
CHEMBL4059667; 0.689; CN([C@@H]1C[C@@H](C1)NS(=O)(=O)C1CC1)C1=C2C=CNC2=NC=N1
CHEMBL4069200; 0.688; FC1(F)CCN(CC1)[C@H]1CC[C@@H](CC1)NC1=C2C=C(C=CC2=NC=N1)C#N
CHEMBL3655088; 0.687; CN([C@@H]1C[C@@H](C1)NS(=O)(=O)[C@H]1C[C@](C)(CC#N)C1)C1=C2C=CNC2=NC=N1
CHEMBL380309; 0.686; O=C(NC1=CC=CC=C1)[C@H]1CC[C@H](N1)C(=O)N1CCC[C@H]1C#N
CHEMBL4225595; 0.686; O=S(=O)(N1CC[C@H](C1)NC1=C2C=CNC2=NC=N1)C1=CC(=CC=C1)C#N
CHEMBL4066404; 0.686; CCCCN(C)S(=O)(=O)C[C@H]1C[C@H](C1)N(C)C1=C2C=CNC2=NC=N1
CHEMBL2425736; 0.685; BrC1=CC=CC(NC2=NC=NC3=CC=C(NCCCN4CCCCC4)C=C23)=C1
CHEMBL3593768; 0.683; NC(=O)C1=CN=C2NC=CC2=C1NC1CCN(CC1)C(=O)CC#N
CHEMBL4542554; 0.681; FC1=CC=CC=C1NC(=O)NC1=CC=CC(=C1)C1CCCN(C1)C1=C2C=CNC2=NC=N1
CHEMBL4276966; 0.681; CN([C@H]1CN(CC11CC1)S(=O)(=O)C1=CC=C(C=C1)[N+]([O-])=O)C1=C2C=CNC2=NC=N1
CHEMBL4279526; 0.680; CN([C@H]1CN(CC11CC1)S(=O)(=O)C1=CC=CC(=C1)[N+]([O-])=O)C1=C2C=CNC2=NC=N1
CHEMBL4093955; 0.680; CN(CC1CC1)S(=O)(=O)C[C@H]1C[C@H](C1)N(C)C1=C2C=CNC2=NC=N1
CHEMBL195335; 0.677; O=C([C@@H]1C[C@@H](CN1)NC1=CC=CC=C1)N1CCC[C@H]1C#N
CHEMBL4066876; 0.676; CN([C@@H]1C[C@H](CS(=O)(=O)NCC2CC2)C1)C1=C2C=CNC2=NC=N1
CHEMBL570126; 0.675; C[C@H]1CN(CCN1\\C(NC1=CC=CC(Br)=C1)=N\\C#N)C1=C2C(C)=CNC2=NC=N1
CHEMBL1650447; 0.675; CN1C(=O)C=C(NC2CCCCNC2)N(CC2=CC=CC=C2C#N)C1=O
CHEMBL307773; 0.674; CC[C@@H]([C@@H](CC(C)C)C(=O)N[C@H](C(=O)NC1=CC=CC=N1)C(C)(C)C)N(O)C=O
CHEMBL570115; 0.674; C[C@H]1CN(CCN1\\C(NC1=CC=CC(=C1)C(C)(C)C)=N\\C#N)C1=C2C(C)=CNC2=NC=N1
CHEMBL4225902; 0.674; CN([C@@H]1CCN(C1)S(=O)(=O)C1=CC(C)=CC=C1)C1=C2C=CNC2=NC=N1
CHEMBL3655082; 0.673; CC(C)CS(=O)(=O)N[C@H]1C[C@H](C1)N(C)C1=C2C=CNC2=NC=N1
CHEMBL3704955; 0.672; C[C@H]1[C@@H](CCCN1C(=O)C1=CC=CC=C1N1N=CC=N1)NC1=CC=CC=N1
CHEMBL4436508; 0.672; O=C1CN(CCN1)C1=CC2=NC=CN=C2C(NC[C@H]2CCCNC2)=N1
